u_symptom,incident_count,prolonged_incidents,prolonged_rate_pct,smoothed_prolonged_rate_pct,risk_lift_pct_points,avg_complexity_score,avg_reassignments,avg_reopens
Symptom 32,1,0,0.00,9.29,-0.19,8.00,2.00,0.00
Symptom 560,2,1,50.00,11.04,1.56,17.00,2.00,0.00
Symptom 304,1,1,100.00,11.25,1.77,43.00,2.00,0.00
Symptom 3,3,2,66.67,12.72,3.24,22.00,2.00,0.00
Symptom 510,3,0,0.00,8.94,-0.54,12.33,1.33,0.00
Symptom 107,3,2,66.67,12.72,3.24,14.00,0.67,0.00
Symptom 67,2,0,0.00,9.11,-0.36,10.00,2.50,0.00
Symptom 496,1,0,0.00,9.29,-0.19,12.00,1.00,0.00
Symptom 236,11,6,54.55,17.61,8.13,16.64,0.82,0.00
Symptom 348,1,0,0.00,9.29,-0.19,15.00,2.00,0.00
Symptom 136,1,0,0.00,9.29,-0.19,19.00,0.00,0.00
Symptom 35,6,1,16.67,10.25,0.77,17.17,4.17,0.00
Symptom 182,3,0,0.00,8.94,-0.54,15.00,1.67,0.00
Symptom 405,1,0,0.00,9.29,-0.19,28.00,0.00,0.00
Symptom 601,5,0,0.00,8.62,-0.86,9.40,0.60,0.00
Symptom 97,2,1,50.00,11.04,1.56,35.50,11.00,0.00
Symptom 54,116,1,0.86,3.46,-6.02,8.09,1.27,0.02
Symptom 22,7,1,14.29,10.07,0.59,14.71,1.57,0.00
Symptom 353,1,0,0.00,9.29,-0.19,13.00,1.00,0.00
Symptom 13,22,0,0.00,6.58,-2.90,12.23,2.23,0.00
Symptom 523,2,0,0.00,9.11,-0.36,20.00,4.50,0.00
Symptom 520,2,0,0.00,9.11,-0.36,6.00,0.00,0.00
Symptom 439,3,0,0.00,8.94,-0.54,23.00,3.67,0.00
Symptom 247,7,1,14.29,10.07,0.59,6.71,0.43,0.00
Symptom 109,1,1,100.00,11.25,1.77,37.00,2.00,0.00
Symptom 420,30,0,0.00,5.92,-3.55,7.53,0.83,0.00
Symptom 308,1,0,0.00,9.29,-0.19,2.00,0.00,0.00
Symptom 511,2,1,50.00,11.04,1.56,10.50,1.50,0.00
Symptom 567,1,0,0.00,9.29,-0.19,13.00,1.00,0.00
Symptom 436,1,0,0.00,9.29,-0.19,8.00,0.00,0.00
Symptom 590,1,1,100.00,11.25,1.77,22.00,0.00,0.00
Symptom 541,2,2,100.00,12.96,3.48,18.50,0.00,0.00
Symptom 328,1,1,100.00,11.25,1.77,36.00,1.00,0.00
Symptom 424,6,2,33.33,12.04,2.56,15.67,0.00,0.00
Symptom 455,31,6,19.35,13.26,3.78,16.55,2.74,0.03
Symptom 60,1,1,100.00,11.25,1.77,109.00,3.00,0.00
Symptom 458,91,10,10.99,10.45,0.97,12.54,1.62,0.08
Symptom 360,1,0,0.00,9.29,-0.19,17.00,1.00,0.00
Symptom 515,1,0,0.00,9.29,-0.19,5.00,0.00,0.00
Symptom 171,1,1,100.00,11.25,1.77,16.00,1.00,0.00
Symptom 193,1,0,0.00,9.29,-0.19,5.00,0.00,0.00
Symptom 133,1,1,100.00,11.25,1.77,37.00,7.00,0.00
Symptom 230,7,1,14.29,10.07,0.59,7.57,0.14,0.00
Symptom 449,5,0,0.00,8.62,-0.86,13.80,2.20,0.00
Symptom 175,1,0,0.00,9.29,-0.19,8.00,1.00,0.00
Symptom 59,1,1,100.00,11.25,1.77,42.00,4.00,0.00
Symptom 317,1,0,0.00,9.29,-0.19,12.00,3.00,0.00
Symptom 274,17,6,35.29,16.03,6.55,12.12,0.41,0.00
Symptom 211,19,11,57.89,22.81,13.33,18.68,0.05,0.00
Symptom 173,2,1,50.00,11.04,1.56,19.50,2.00,0.00
Symptom 465,35,28,80.00,38.52,29.04,48.43,1.94,0.11
Symptom 174,1,0,0.00,9.29,-0.19,9.00,0.00,0.00
Symptom 397,2,1,50.00,11.04,1.56,15.50,0.00,0.00
Symptom 559,3,1,33.33,10.83,1.35,14.67,2.33,0.00
Symptom 519,4,3,75.00,14.33,4.85,23.50,4.25,0.00
Symptom 428,1,0,0.00,9.29,-0.19,10.00,1.00,0.00
Symptom 240,3,3,100.00,14.60,5.12,28.33,2.33,0.00
Symptom 586,1,0,0.00,9.29,-0.19,5.00,0.00,0.00
Symptom 571,224,23,10.27,10.12,0.64,10.44,0.99,0.00
Symptom 30,1,0,0.00,9.29,-0.19,12.00,1.00,0.00
Symptom 276,2,0,0.00,9.11,-0.36,14.50,2.50,0.00
Symptom 324,1,1,100.00,11.25,1.77,18.00,0.00,0.00
Symptom 219,1,1,100.00,11.25,1.77,13.00,1.00,0.00
Symptom 44,8,0,0.00,8.17,-1.31,13.13,1.75,0.00
Symptom 27,1,0,0.00,9.29,-0.19,4.00,0.00,0.00
Symptom 545,1,1,100.00,11.25,1.77,17.00,1.00,0.00
Symptom 287,7,2,28.57,11.82,2.34,14.57,0.29,0.00
Symptom 594,20,0,0.00,6.77,-2.71,5.85,0.20,0.00
Symptom 498,1,0,0.00,9.29,-0.19,4.00,0.00,0.00
Symptom 229,1,0,0.00,9.29,-0.19,10.00,1.00,0.00
Symptom 503,1,0,0.00,9.29,-0.19,14.00,4.00,0.00
Symptom 338,4,0,0.00,8.78,-0.70,11.50,1.75,0.00
Symptom 117,74,11,14.86,12.69,3.21,11.61,0.55,0.03
Symptom 130,14,0,0.00,7.41,-2.07,5.93,0.07,0.00
Symptom 198,1,0,0.00,9.29,-0.19,33.00,5.00,0.00
Symptom 479,1,0,0.00,9.29,-0.19,23.00,5.00,0.00
Symptom 151,1,0,0.00,9.29,-0.19,7.00,0.00,0.00
Symptom 438,19,2,10.53,9.77,0.29,10.05,1.16,0.00
Symptom 459,2,2,100.00,12.96,3.48,22.00,0.00,0.00
Symptom 388,1,0,0.00,9.29,-0.19,7.00,2.00,0.00
Symptom 517,82,0,0.00,3.59,-5.89,6.80,0.48,0.02
Symptom 218,20,5,25.00,13.91,4.43,15.30,0.85,0.05
Symptom 463,25,9,36.00,18.32,8.84,14.92,1.12,0.04
Symptom 409,13,3,23.08,12.29,2.81,14.54,2.38,0.00
Symptom 524,1,0,0.00,9.29,-0.19,9.00,1.00,0.00
Symptom 47,2,0,0.00,9.11,-0.36,14.00,3.00,0.00
Symptom 226,1,0,0.00,9.29,-0.19,14.00,3.00,0.00
Symptom 181,5,2,40.00,12.25,2.77,24.80,3.60,0.00
Symptom 370,4,0,0.00,8.78,-0.70,15.00,1.75,0.00
Symptom 84,2,0,0.00,9.11,-0.36,10.00,1.00,0.00
Symptom 207,1,0,0.00,9.29,-0.19,14.00,1.00,0.00
Symptom 170,8,3,37.50,13.34,3.86,15.38,0.63,0.00
Symptom 504,1,0,0.00,9.29,-0.19,18.00,3.00,0.00
Symptom 259,19,4,21.05,12.67,3.19,12.32,0.79,0.00
Symptom 216,15,6,40.00,16.52,7.04,14.73,1.20,0.00
Symptom 242,6,2,33.33,12.04,2.56,20.33,0.67,0.00
Symptom 278,1,0,0.00,9.29,-0.19,16.00,2.00,0.00
Symptom 456,4,0,0.00,8.78,-0.70,4.75,0.50,0.00
Symptom 499,3,1,33.33,10.83,1.35,15.33,0.00,0.00
Symptom 530,5,1,20.00,10.44,0.96,11.40,1.00,0.00
Symptom 526,1,1,100.00,11.25,1.77,14.00,0.00,0.00
Symptom 366,2,0,0.00,9.11,-0.36,7.50,0.50,0.00
Symptom 312,3,3,100.00,14.60,5.12,24.33,0.00,0.00
Symptom 294,5,1,20.00,10.44,0.96,11.40,0.40,0.00
Symptom 323,1,0,0.00,9.29,-0.19,6.00,0.00,0.00
Symptom 607,51,5,9.80,9.64,0.16,13.31,1.27,0.00
Symptom 239,8,1,12.50,9.90,0.42,11.25,0.25,0.00
Symptom 514,11,0,0.00,7.77,-1.71,10.18,0.73,0.00
Symptom 509,15,2,13.33,10.37,0.89,12.73,1.33,0.00
Symptom 293,5,1,20.00,10.44,0.96,10.00,1.00,0.00
Symptom 55,4,1,25.00,10.63,1.15,10.00,1.75,0.00
Symptom 501,2,0,0.00,9.11,-0.36,4.00,0.00,0.00
Symptom 152,3,0,0.00,8.94,-0.54,19.33,1.33,0.00
Symptom 521,7,2,28.57,11.82,2.34,11.86,1.71,0.00
Symptom 550,2,2,100.00,12.96,3.48,13.50,0.00,0.00
Symptom 371,21,0,0.00,6.68,-2.80,9.00,1.14,0.05
Symptom 25,2,0,0.00,9.11,-0.36,4.50,0.50,0.00
Symptom 556,2,0,0.00,9.11,-0.36,6.50,0.00,0.00
Symptom 2,2,0,0.00,9.11,-0.36,11.50,2.00,0.00
Symptom 531,7,2,28.57,11.82,2.34,15.29,0.43,0.14
Symptom 279,3,0,0.00,8.94,-0.54,14.67,2.33,0.00
Symptom 579,1,1,100.00,11.25,1.77,71.00,0.00,0.00
Symptom 159,1,0,0.00,9.29,-0.19,7.00,1.00,0.00
Symptom 546,2,1,50.00,11.04,1.56,13.50,0.00,0.00
Symptom 144,4,3,75.00,14.33,4.85,23.75,2.25,0.00
Symptom 315,19,1,5.26,8.32,-1.16,14.79,2.32,0.16
Symptom 156,3,0,0.00,8.94,-0.54,8.67,1.00,0.00
Symptom 372,13,3,23.08,12.29,2.81,9.38,0.38,0.00
Symptom 593,3,0,0.00,8.94,-0.54,8.67,0.67,0.00
Symptom 606,5,0,0.00,8.62,-0.86,12.20,1.40,0.00
Symptom 270,2,1,50.00,11.04,1.56,16.00,0.00,0.00
Symptom 600,1,0,0.00,9.29,-0.19,6.00,0.00,0.00
Symptom 234,1,0,0.00,9.29,-0.19,8.00,0.00,0.00
Symptom 70,78,6,7.69,8.39,-1.09,9.40,0.32,0.01
Symptom 568,3,1,33.33,10.83,1.35,15.67,0.67,0.00
Symptom 160,1,0,0.00,9.29,-0.19,16.00,3.00,0.00
Symptom 551,1,0,0.00,9.29,-0.19,20.00,1.00,0.00
Symptom 470,170,11,6.47,7.15,-2.32,9.68,0.86,0.00
Symptom 113,13,1,7.69,9.11,-0.37,10.23,0.31,0.00
Symptom 194,1,1,100.00,11.25,1.77,25.00,3.00,0.00
Symptom 385,2,0,0.00,9.11,-0.36,10.50,1.50,0.00
Symptom 184,1,0,0.00,9.29,-0.19,8.00,1.00,0.00
Symptom 444,25,0,0.00,6.32,-3.16,10.88,1.56,0.00
Symptom 335,1,0,0.00,9.29,-0.19,11.00,1.00,0.00
Symptom 492,1,0,0.00,9.29,-0.19,9.00,0.00,0.00
Symptom 266,3,1,33.33,10.83,1.35,15.67,0.33,0.00
Symptom 148,2,0,0.00,9.11,-0.36,8.00,0.50,0.00
Symptom 596,25,2,8.00,8.99,-0.49,12.36,1.92,0.04
Symptom 297,2,1,50.00,11.04,1.56,15.50,1.50,0.00
Symptom 99,3,1,33.33,10.83,1.35,20.00,1.00,0.00
Symptom 441,1,0,0.00,9.29,-0.19,17.00,4.00,0.00
Symptom 468,41,20,48.78,27.19,17.71,22.95,1.32,0.00
Symptom 251,1,0,0.00,9.29,-0.19,5.00,0.00,0.00
Symptom 212,2,1,50.00,11.04,1.56,18.50,1.00,0.00
Symptom 450,2,0,0.00,9.11,-0.36,7.00,0.50,0.00
Symptom 257,14,2,14.29,10.53,1.05,9.57,0.64,0.00
Symptom 462,29,10,34.48,18.66,9.18,21.41,2.45,0.03
Symptom 337,2,2,100.00,12.96,3.48,72.50,1.00,0.00
Symptom 199,1,1,100.00,11.25,1.77,82.00,2.00,0.00
Symptom 131,2,0,0.00,9.11,-0.36,8.00,1.00,0.00
Symptom 303,2,0,0.00,9.11,-0.36,10.50,1.50,0.00
Symptom 350,1,1,100.00,11.25,1.77,37.00,1.00,0.00
Symptom 376,3,1,33.33,10.83,1.35,18.00,2.00,0.00
Symptom 506,306,1,0.33,1.61,-7.87,4.69,0.16,0.00
Symptom 508,3,1,33.33,10.83,1.35,11.00,1.00,0.00
Symptom 89,1,1,100.00,11.25,1.77,10.00,1.00,0.00
Symptom 318,1,0,0.00,9.29,-0.19,14.00,0.00,0.00
Symptom 491,7865,702,8.93,8.93,-0.55,10.27,0.96,0.01
Symptom 380,2,0,0.00,9.11,-0.36,14.50,1.00,0.00
Symptom 186,2,0,0.00,9.11,-0.36,20.00,2.00,0.00
Symptom 377,2,0,0.00,9.11,-0.36,11.50,2.00,0.00
Symptom 584,1,0,0.00,9.29,-0.19,11.00,0.00,0.00
Symptom 222,5,1,20.00,10.44,0.96,11.80,0.80,0.00
Symptom 599,1,0,0.00,9.29,-0.19,15.00,2.00,0.00
Symptom 361,4,1,25.00,10.63,1.15,15.50,1.50,0.00
Symptom 557,13,1,7.69,9.11,-0.37,9.69,0.85,0.00
Symptom 432,2,1,50.00,11.04,1.56,10.50,0.00,0.00
Symptom 178,3,0,0.00,8.94,-0.54,9.33,0.67,0.00
Symptom 5,29,0,0.00,6.00,-3.48,8.79,1.45,0.00
Symptom 79,3,3,100.00,14.60,5.12,36.00,7.33,0.00
Symptom 284,4,1,25.00,10.63,1.15,23.00,0.75,0.00
Symptom 19,1,0,0.00,9.29,-0.19,15.00,3.00,0.00
Symptom 604,1,0,0.00,9.29,-0.19,13.00,3.00,0.00
Symptom 135,6,3,50.00,13.82,4.34,14.00,0.00,0.17
Symptom 261,6,0,0.00,8.46,-1.02,8.83,0.67,0.00
Symptom 352,2,1,50.00,11.04,1.56,22.50,1.50,0.00
Symptom 96,1,0,0.00,9.29,-0.19,8.00,0.00,0.00
Symptom 598,8,0,0.00,8.17,-1.31,7.63,1.13,0.00
Symptom 137,1,0,0.00,9.29,-0.19,21.00,4.00,0.00
Symptom 406,5,1,20.00,10.44,0.96,6.00,0.00,0.00
Symptom 120,113,4,3.54,5.36,-4.12,10.73,1.38,0.02
Symptom 282,2,0,0.00,9.11,-0.36,10.00,0.00,0.00
Symptom 460,1,1,100.00,11.25,1.77,81.00,2.00,0.00
Symptom 243,1,1,100.00,11.25,1.77,20.00,1.00,0.00
Symptom 20,9,0,0.00,8.03,-1.45,8.67,0.78,0.00
Symptom 572,6,2,33.33,12.04,2.56,15.50,1.67,0.00
Symptom 112,3,2,66.67,12.72,3.24,25.67,4.33,0.00
Symptom 411,10,2,20.00,11.23,1.75,18.00,3.70,0.00
Symptom 392,1,1,100.00,11.25,1.77,56.00,3.00,0.00
Symptom 296,154,6,3.90,5.26,-4.21,10.88,1.40,0.02
Symptom 102,110,25,22.73,18.59,9.11,15.96,0.73,0.01
Symptom 252,15,2,13.33,10.37,0.89,10.73,0.53,0.00
Symptom 427,1,0,0.00,9.29,-0.19,6.00,1.00,0.00
Symptom 285,2,0,0.00,9.11,-0.36,14.00,2.00,0.00
Symptom 11,2,0,0.00,9.11,-0.36,19.00,5.50,0.00
Symptom 63,1,1,100.00,11.25,1.77,50.00,15.00,0.00
Symptom 280,12,5,41.67,15.71,6.23,12.67,1.25,0.00
Symptom 403,14,0,0.00,7.41,-2.07,7.14,0.57,0.00
Symptom 488,1,0,0.00,9.29,-0.19,11.00,1.00,0.00
Symptom 56,12,1,8.33,9.26,-0.22,12.00,2.00,0.00
Symptom 265,1,1,100.00,11.25,1.77,15.00,0.00,0.00
Symptom 536,2,2,100.00,12.96,3.48,14.50,0.50,0.00
Symptom 592,76,9,11.84,10.90,1.43,12.75,1.70,0.03
Symptom 512,3,0,0.00,8.94,-0.54,8.67,1.00,0.00
Symptom 464,2,1,50.00,11.04,1.56,21.50,2.50,0.00
Symptom 9,39,4,10.26,9.82,0.34,12.56,1.56,0.05
Symptom 358,4,0,0.00,8.78,-0.70,13.00,1.50,0.25
Symptom 473,21,3,14.29,10.90,1.42,14.76,1.86,0.00
Symptom 253,6,3,50.00,13.82,4.34,15.00,0.33,0.00
Symptom 288,5,1,20.00,10.44,0.96,13.60,0.60,0.00
Symptom 566,2,0,0.00,9.11,-0.36,13.50,1.50,0.00
Symptom 493,2,0,0.00,9.11,-0.36,13.50,1.00,0.00
Symptom 189,1,0,0.00,9.29,-0.19,27.00,7.00,0.00
Symptom 57,5,1,20.00,10.44,0.96,13.80,1.40,0.00
Symptom 573,15,1,6.67,8.83,-0.65,13.40,2.47,0.07
Symptom 254,2,1,50.00,11.04,1.56,23.50,6.50,0.00
Symptom 563,3,1,33.33,10.83,1.35,15.33,1.67,0.00
Symptom 327,1,1,100.00,11.25,1.77,48.00,0.00,0.00
Symptom 238,1,1,100.00,11.25,1.77,12.00,0.00,0.00
Symptom 205,1,0,0.00,9.29,-0.19,17.00,5.00,0.00
Symptom 387,334,19,5.69,6.18,-3.30,9.47,1.03,0.00
Symptom 48,6,0,0.00,8.46,-1.02,5.17,0.17,0.00
Symptom 325,3,2,66.67,12.72,3.24,20.33,0.67,0.00
Symptom 17,14,2,14.29,10.53,1.05,14.93,3.43,0.00
Symptom 425,3,1,33.33,10.83,1.35,12.67,1.67,0.00
Symptom 33,10,1,10.00,9.57,0.09,12.40,1.90,0.00
Symptom 244,17,2,11.76,10.06,0.58,13.59,0.82,0.00
Symptom 185,1,1,100.00,11.25,1.77,24.00,3.00,0.00
Symptom 141,5,1,20.00,10.44,0.96,14.60,2.60,0.00
Symptom 495,30,1,3.33,7.17,-2.30,8.27,0.50,0.00
Symptom 608,4,2,50.00,12.48,3.00,8.25,1.00,0.00
Symptom 29,1,0,0.00,9.29,-0.19,14.00,2.00,0.00
Symptom 264,5,3,60.00,14.07,4.59,15.40,0.00,0.00
Symptom 256,12,9,75.00,22.16,12.68,17.17,0.25,0.17
Symptom 457,2,1,50.00,11.04,1.56,70.50,4.00,0.00
Symptom 391,11,0,0.00,7.77,-1.71,10.18,1.45,0.00
Symptom 440,2,1,50.00,11.04,1.56,20.50,4.00,0.00
Symptom 126,1,0,0.00,9.29,-0.19,15.00,2.00,0.00
Symptom 51,4,3,75.00,14.33,4.85,27.00,4.25,0.00
Symptom 398,4,0,0.00,8.78,-0.70,9.25,0.75,0.00
Symptom 581,2,0,0.00,9.11,-0.36,9.50,0.00,0.00
Symptom 150,1,0,0.00,9.29,-0.19,10.00,1.00,0.00
Symptom 277,2,0,0.00,9.11,-0.36,6.00,0.00,0.00
Symptom 340,1,0,0.00,9.29,-0.19,15.00,3.00,0.00
Symptom 305,1,0,0.00,9.29,-0.19,6.00,1.00,0.00
Symptom 418,4,0,0.00,8.78,-0.70,14.00,1.25,0.00
Symptom 314,1,1,100.00,11.25,1.77,109.00,0.00,0.00
Symptom 176,2,0,0.00,9.11,-0.36,9.00,1.00,0.00
Symptom 412,3,0,0.00,8.94,-0.54,13.67,3.00,0.00
Symptom 187,2,1,50.00,11.04,1.56,36.50,2.50,0.00
Symptom 68,1,0,0.00,9.29,-0.19,7.00,0.00,0.00
Symptom 235,3,1,33.33,10.83,1.35,14.67,1.67,0.00
Symptom 322,1,1,100.00,11.25,1.77,34.00,2.00,0.00
Symptom 374,3,0,0.00,8.94,-0.54,6.67,0.00,0.00
Symptom 410,2,0,0.00,9.11,-0.36,16.50,3.50,0.00
Symptom 208,158,39,24.68,21.03,11.55,14.23,0.92,0.04
Symptom 183,5,2,40.00,12.25,2.77,18.20,2.40,0.00
Symptom 158,6,2,33.33,12.04,2.56,34.33,3.83,0.17
Symptom 241,6,1,16.67,10.25,0.77,14.83,2.17,0.00
Symptom 53,1,0,0.00,9.29,-0.19,23.00,7.00,0.00
Symptom 172,1,0,0.00,9.29,-0.19,4.00,0.00,0.00
Symptom 250,20,3,15.00,11.06,1.58,13.50,2.10,0.00
Symptom 310,2,0,0.00,9.11,-0.36,17.00,1.50,0.00
Symptom 106,8,0,0.00,8.17,-1.31,8.25,0.38,0.00
Symptom 577,4,1,25.00,10.63,1.15,14.25,2.00,0.00
Symptom 402,1,0,0.00,9.29,-0.19,20.00,5.00,0.00
Symptom 475,1,1,100.00,11.25,1.77,31.00,4.00,0.00
Symptom 26,1,1,100.00,11.25,1.77,22.00,1.00,0.00
Symptom 273,19,7,36.84,17.01,7.53,20.95,1.11,0.05
Symptom 518,4,2,50.00,12.48,3.00,17.00,1.25,0.00
Symptom 249,5,2,40.00,12.25,2.77,11.80,1.60,0.00
Symptom 472,5,2,40.00,12.25,2.77,14.40,1.60,0.00
Symptom 271,5,2,40.00,12.25,2.77,11.40,0.80,0.00
Symptom 401,3,1,33.33,10.83,1.35,19.33,4.00,0.00
Symptom 61,1,0,0.00,9.29,-0.19,9.00,1.00,0.00
Symptom 119,68,3,4.41,6.56,-2.92,10.85,1.44,0.03
Symptom 330,1,1,100.00,11.25,1.77,17.00,0.00,0.00
Symptom 547,1,0,0.00,9.29,-0.19,12.00,0.00,0.00
Symptom 585,1,0,0.00,9.29,-0.19,7.00,0.00,0.00
Symptom 382,28,0,0.00,6.08,-3.40,14.61,2.14,0.04
Symptom 580,27,2,7.41,8.75,-0.73,11.07,1.19,0.00
Symptom 555,1,1,100.00,11.25,1.77,20.00,0.00,0.00
Symptom 603,1,0,0.00,9.29,-0.19,11.00,1.00,0.00
Symptom 602,2,1,50.00,11.04,1.56,11.00,0.50,0.00
Symptom 118,150,5,3.33,4.87,-4.61,8.51,0.79,0.01
Symptom 564,2,0,0.00,9.11,-0.36,17.00,3.00,0.00
Symptom 286,14,6,42.86,16.78,7.30,22.86,1.29,0.00
Symptom 522,4,1,25.00,10.63,1.15,18.00,2.25,0.00
Symptom 93,4,1,25.00,10.63,1.15,29.50,1.50,0.00
Symptom 351,1,0,0.00,9.29,-0.19,13.00,1.00,0.00
Symptom 87,106,4,3.77,5.60,-3.88,10.97,1.69,0.02
Symptom 538,1,0,0.00,9.29,-0.19,15.00,1.00,0.00
Symptom 356,2,1,50.00,11.04,1.56,16.00,0.50,0.00
Symptom 466,8,3,37.50,13.34,3.86,16.13,1.50,0.00
Symptom 220,4,1,25.00,10.63,1.15,17.75,3.00,0.00
Symptom 419,1,0,0.00,9.29,-0.19,6.00,0.00,0.00
Symptom 548,1,0,0.00,9.29,-0.19,14.00,1.00,1.00
Symptom 359,1,0,0.00,9.29,-0.19,14.00,0.00,0.00
Symptom 37,1,0,0.00,9.29,-0.19,18.00,4.00,0.00
Symptom 195,1,1,100.00,11.25,1.77,21.00,3.00,0.00
Symptom 209,3,2,66.67,12.72,3.24,29.67,1.33,0.00
Symptom 332,2,2,100.00,12.96,3.48,44.50,1.50,0.00
Symptom 74,5,1,20.00,10.44,0.96,13.80,1.40,0.00
Symptom 281,1,0,0.00,9.29,-0.19,7.00,0.00,0.00
Symptom 147,9,1,11.11,9.73,0.25,12.89,1.44,0.00
Symptom 453,1,0,0.00,9.29,-0.19,15.00,3.00,0.00
Symptom 582,1,0,0.00,9.29,-0.19,7.00,1.00,0.00
Symptom 142,2,0,0.00,9.11,-0.36,11.00,0.50,0.00
Symptom 368,3,0,0.00,8.94,-0.54,9.00,0.33,0.00
Symptom 66,14,1,7.14,8.97,-0.51,5.86,0.43,0.00
Symptom 443,2,0,0.00,9.11,-0.36,33.50,10.50,0.00
Symptom 134,35,16,45.71,24.40,14.92,23.97,3.17,0.06
Symptom 329,6,2,33.33,12.04,2.56,12.00,1.33,0.00
Symptom 589,14,7,50.00,18.34,8.86,21.57,0.64,0.00
Symptom 316,1,0,0.00,9.29,-0.19,9.00,0.00,0.00
Symptom 454,34,10,29.41,17.55,8.07,14.97,1.18,0.00
Symptom 532,261,7,2.68,3.77,-5.70,11.09,1.79,0.03
Symptom 311,20,5,25.00,13.91,4.43,13.40,1.00,0.00
Symptom 295,87,0,0.00,3.46,-6.02,4.89,0.22,0.00
Symptom 62,2,0,0.00,9.11,-0.36,12.50,2.00,0.00
Symptom 588,1,0,0.00,9.29,-0.19,7.00,1.00,0.00
Symptom 471,57,2,3.51,6.30,-3.18,9.95,0.61,0.02
Symptom 390,1,1,100.00,11.25,1.77,44.00,8.00,0.00
Symptom 609,14,3,21.43,12.09,2.61,13.93,1.29,0.00
Symptom 165,2,1,50.00,11.04,1.56,17.50,2.00,0.00
Symptom 421,5,1,20.00,10.44,0.96,19.00,3.40,0.20
Symptom 210,1,0,0.00,9.29,-0.19,17.00,2.00,0.00
Symptom 34,1,1,100.00,11.25,1.77,22.00,2.00,0.00
Symptom 569,4,0,0.00,8.78,-0.70,11.50,2.25,0.00
Symptom 72,2,0,0.00,9.11,-0.36,9.00,0.50,0.00
Symptom 605,13,3,23.08,12.29,2.81,15.15,2.23,0.00
Symptom 77,1,0,0.00,9.29,-0.19,16.00,4.00,0.00
Symptom 263,14,5,35.71,15.22,5.74,14.29,0.29,0.00
Symptom 177,6,1,16.67,10.25,0.77,13.67,1.33,0.00
Symptom 292,8,2,25.00,11.62,2.14,18.88,0.50,0.00
Symptom 23,6,0,0.00,8.46,-1.02,10.83,1.33,0.00
Symptom 429,4,0,0.00,8.78,-0.70,10.25,1.25,0.00
Symptom 8,30,3,10.00,9.67,0.20,14.27,2.37,0.00
Symptom 384,3,0,0.00,8.94,-0.54,14.33,2.67,0.00
Symptom 321,1,1,100.00,11.25,1.77,28.00,1.00,0.00
Symptom 75,3,2,66.67,12.72,3.24,23.00,2.67,0.00
Symptom 45,2,0,0.00,9.11,-0.36,18.50,4.00,0.00
Symptom 233,3,0,0.00,8.94,-0.54,10.33,0.00,0.00
Symptom 101,8,2,25.00,11.62,2.14,10.75,0.38,0.00
Symptom 217,12,4,33.33,14.10,4.62,19.42,2.00,0.00
Symptom 583,11,1,9.09,9.41,-0.07,11.45,1.27,0.00
Symptom 529,12,3,25.00,12.48,3.00,13.25,2.00,0.00
Symptom 111,2,0,0.00,9.11,-0.36,7.50,0.50,0.00
Symptom 92,3,0,0.00,8.94,-0.54,4.00,0.00,0.00
Symptom 319,3,0,0.00,8.94,-0.54,10.33,1.67,0.00
Symptom 431,5,1,20.00,10.44,0.96,15.00,2.20,0.00
Symptom 7,25,3,12.00,10.32,0.84,13.36,1.76,0.00
Symptom 110,1,1,100.00,11.25,1.77,16.00,1.00,0.00
Symptom 383,7,0,0.00,8.32,-1.16,14.14,2.57,0.00
Symptom 188,1,0,0.00,9.29,-0.19,24.00,2.00,0.00
Symptom 375,17,1,5.88,8.57,-0.91,12.94,1.88,0.00
Symptom 71,1,1,100.00,11.25,1.77,14.00,0.00,0.00
Symptom 416,2,0,0.00,9.11,-0.36,14.00,1.00,0.00
Symptom 115,36,3,8.33,9.00,-0.48,15.36,3.11,0.00
Symptom 164,1,0,0.00,9.29,-0.19,9.00,2.00,0.00
Symptom 50,10,0,0.00,7.90,-1.58,8.30,0.90,0.00
Symptom 6,76,6,7.89,8.52,-0.96,11.83,1.62,0.03
Symptom 214,4,0,0.00,8.78,-0.70,7.75,0.25,0.00
Symptom 415,1,0,0.00,9.29,-0.19,11.00,1.00,0.00
Symptom 486,16,6,37.50,16.27,6.79,15.00,0.88,0.06
Symptom 167,1,0,0.00,9.29,-0.19,10.00,2.00,0.00
Symptom 127,102,1,0.98,3.78,-5.70,6.96,0.64,0.01
Symptom 86,24,3,12.50,10.46,0.98,12.21,1.33,0.00
Symptom 373,1,0,0.00,9.29,-0.19,12.00,1.00,0.00
Symptom 437,1,1,100.00,11.25,1.77,16.00,1.00,0.00
Symptom 513,10,1,10.00,9.57,0.09,11.30,1.30,0.00
Symptom 15,1,1,100.00,11.25,1.77,18.00,3.00,0.00
Symptom 180,1,1,100.00,11.25,1.77,44.00,4.00,0.00
Symptom 155,1,0,0.00,9.29,-0.19,19.00,4.00,0.00
Symptom 228,1,1,100.00,11.25,1.77,13.00,0.00,0.00
Symptom 169,1,0,0.00,9.29,-0.19,27.00,9.00,0.00
Symptom 404,3,0,0.00,8.94,-0.54,8.33,0.33,0.00
Symptom 365,2,0,0.00,9.11,-0.36,13.00,1.00,0.00
Symptom 331,2,0,0.00,9.11,-0.36,11.50,0.00,0.00
Symptom 430,2,1,50.00,11.04,1.56,25.50,4.50,0.00
Symptom 434,6,1,16.67,10.25,0.77,30.33,6.67,0.17
Symptom 143,6,1,16.67,10.25,0.77,17.17,2.50,0.00
Symptom 269,1,1,100.00,11.25,1.77,45.00,0.00,0.00
Symptom 407,1,0,0.00,9.29,-0.19,4.00,0.00,0.00
Symptom 227,3,1,33.33,10.83,1.35,16.33,1.33,0.00
Symptom 389,6,0,0.00,8.46,-1.02,10.67,1.50,0.00
Symptom 125,1,0,0.00,9.29,-0.19,15.00,2.00,0.00
Symptom 553,3,2,66.67,12.72,3.24,50.67,0.33,0.00
Symptom 452,1,0,0.00,9.29,-0.19,32.00,3.00,1.00
Symptom 260,3,2,66.67,12.72,3.24,16.33,2.33,0.00
Symptom 505,1,0,0.00,9.29,-0.19,11.00,1.00,0.00
Symptom 283,1,1,100.00,11.25,1.77,33.00,1.00,0.00
Symptom 542,1,0,0.00,9.29,-0.19,10.00,0.00,0.00
Symptom 10,112,4,3.57,5.39,-4.08,11.43,1.79,0.01
Symptom 255,6,1,16.67,10.25,0.77,12.33,1.83,0.00
Symptom 540,1,1,100.00,11.25,1.77,18.00,0.00,0.00
Symptom 345,1,1,100.00,11.25,1.77,17.00,1.00,0.00
Symptom 232,32,2,6.25,8.22,-1.26,9.66,1.25,0.00
Symptom 487,5,1,20.00,10.44,0.96,9.40,0.20,0.00
Symptom 65,71,6,8.45,8.88,-0.60,10.52,1.13,0.03
Symptom 267,25,10,40.00,19.65,10.17,15.68,0.80,0.00
Symptom 237,7,2,28.57,11.82,2.34,9.57,0.86,0.00
Symptom 224,1,0,0.00,9.29,-0.19,7.00,0.00,0.00
Symptom 516,1,0,0.00,9.29,-0.19,8.00,0.00,0.00
Symptom 320,1,0,0.00,9.29,-0.19,7.00,0.00,0.00
Symptom 435,4,2,50.00,12.48,3.00,21.50,1.50,0.00
Symptom 301,18,1,5.56,8.44,-1.04,9.17,1.17,0.00
Symptom 469,7,2,28.57,11.82,2.34,10.43,1.00,0.00
Symptom 268,2,1,50.00,11.04,1.56,29.50,0.50,0.00
Symptom 114,34,2,5.88,8.02,-1.46,12.71,0.88,0.12
Symptom 533,3,0,0.00,8.94,-0.54,8.33,1.67,0.00
Symptom 400,1,0,0.00,9.29,-0.19,29.00,2.00,0.00
Symptom 88,3,0,0.00,8.94,-0.54,14.00,1.00,0.00
Symptom 105,144,2,1.39,3.47,-6.01,5.20,0.28,0.01
Symptom 203,1,0,0.00,9.29,-0.19,10.00,1.00,0.00
Symptom 448,1,0,0.00,9.29,-0.19,8.00,1.00,0.00
Symptom 248,1,0,0.00,9.29,-0.19,4.00,0.00,0.00
Symptom 423,7,2,28.57,11.82,2.34,18.43,1.71,0.00
Symptom 408,1,0,0.00,9.29,-0.19,7.00,0.00,0.00
Symptom 597,1,0,0.00,9.29,-0.19,12.00,2.00,0.00
Symptom 485,1,1,100.00,11.25,1.77,58.00,3.00,0.00
Symptom 379,3,0,0.00,8.94,-0.54,8.00,1.67,0.00
Symptom 162,1,0,0.00,9.29,-0.19,11.00,0.00,0.00
Symptom 42,1,0,0.00,9.29,-0.19,21.00,2.00,0.00
Symptom 417,1,0,0.00,9.29,-0.19,14.00,2.00,0.00
Symptom 552,1,0,0.00,9.29,-0.19,12.00,0.00,0.00
Symptom 595,14,1,7.14,8.97,-0.51,11.93,2.43,0.00
Symptom 291,4,3,75.00,14.33,4.85,52.75,0.75,0.00
Symptom 494,196,39,19.90,17.78,8.30,17.06,2.32,0.01
Symptom 246,2,1,50.00,11.04,1.56,14.50,2.00,0.00
Symptom 223,1,1,100.00,11.25,1.77,26.00,0.00,0.00
Symptom 544,3,1,33.33,10.83,1.35,17.33,1.33,0.33
Symptom 157,1,0,0.00,9.29,-0.19,13.00,0.00,0.00
Symptom 333,9,1,11.11,9.73,0.25,12.89,2.33,0.00
Symptom 245,7,1,14.29,10.07,0.59,13.43,0.86,0.00
Symptom 433,1,1,100.00,11.25,1.77,106.00,0.00,0.00
Symptom 467,3,0,0.00,8.94,-0.54,19.67,4.67,0.00
Symptom 507,3,2,66.67,12.72,3.24,21.67,3.67,0.00
Symptom 121,11,1,9.09,9.41,-0.07,14.27,1.64,0.00
Symptom 258,3,1,33.33,10.83,1.35,20.33,1.33,0.00
Symptom 426,3,0,0.00,8.94,-0.54,5.33,0.00,0.00
Symptom 502,2,0,0.00,9.11,-0.36,10.00,1.00,0.00
Symptom 154,1,0,0.00,9.29,-0.19,23.00,7.00,0.00
Symptom 474,26,0,0.00,6.24,-3.24,12.50,1.85,0.04
Symptom 213,2,1,50.00,11.04,1.56,13.50,1.00,0.00
Symptom 497,4,2,50.00,12.48,3.00,18.00,3.00,0.00
Symptom 587,39,0,0.00,5.33,-4.15,6.03,0.33,0.00
Symptom 4,348,32,9.20,9.23,-0.25,11.38,1.25,0.02
Symptom 80,2,1,50.00,11.04,1.56,21.50,4.50,0.00
Symptom 381,25,2,8.00,8.99,-0.49,9.80,0.40,0.04
Symptom 534,1283,4,0.31,0.66,-8.82,4.59,0.18,0.01
Symptom 69,5,4,80.00,15.89,6.41,33.40,2.40,0.00
Symptom 116,426,11,2.58,3.31,-6.17,7.65,0.69,0.00
Symptom 129,7,1,14.29,10.07,0.59,14.86,2.14,0.00
Symptom 197,2,2,100.00,12.96,3.48,23.00,0.50,0.00
Symptom 98,2,0,0.00,9.11,-0.36,10.00,0.00,0.00
Symptom 574,1,0,0.00,9.29,-0.19,7.00,0.00,0.00
Symptom 342,1,0,0.00,9.29,-0.19,18.00,0.00,0.00
